nifty_before,call_volume,put_volume,total_call,total_put,nifty_after, WINNER,   AFTER 15 MIN NIFTY,  TOTAL POINTS UP/DOWN
24332,       -749000,     732000,       0,           0,     24340,    BUY CALL,  24357,               8+ 
24340,       500000,     -300000,       0,           0,     24328,    BUY PUT,   24315,              -12
24328,       600000,     900000,        0,           0,     24345,    BUY CALL,  24360,               15+
24340,     -20000000,    10000000,    183100000, 168100000, 24385,    BUY CALL,  24390,               5+
24385,     -2882000,     -8675000,    180000010, 180000010, 24374,    BUY PUT,   24360,               -14

24190.0,  4721000.0,   -17100000.0, 361200000.0, 196000000.0, 24196,  BUY CALL,  24200,               4+      
24225.0,   48295.0,      166000.0,  114600000.0,  98300000.0, 24231,  BUY CALL,  24214,                +6
24234.0,  2298000.0,     785000.0,  109200000.0,  96900000.0, 24222,  BUY PUT,   24220,               -12
